파일명,카테고리,스타일,색상
반바지_스트릿_밝은색_02.png,하의_반바지,스트릿,밝은색
긴팔_댄디_무채색_02.png,상의_긴팔,댄디,무채색
반팔_캐주얼_어두운색_01.png,상의_반팔,캐주얼,어두운색
반팔_캐주얼_밝은색_01.png,상의_반팔,캐주얼,밝은색
긴바지_스트릿_밝은색_02.png,하의_긴바지,스트릿,밝은색
긴바지_캐주얼_어두운색_01.png,하의_긴바지,캐주얼,어두운색
반바지_캐주얼_밝은색.png,하의_반바지,캐주얼,밝은색
긴팔_스트릿_밝은색_02.png,상의_긴팔,스트릿,밝은색
반팔_캐주얼_어두운색_02.png,상의_반팔,캐주얼,어두운색
반바지_미니멀_밝은색.png,하의_반바지,미니멀,밝은색
긴바지_캐주얼_무채색_02.png,하의_긴바지,캐주얼,무채색
반팔_캐주얼_무채색_01.png,상의_반팔,캐주얼,무채색
반팔_미니멀_무채색_02.png,상의_반팔,미니멀,무채색
반팔_댄디_무채색_02.png,상의_반팔,댄디,무채색
반바지_댄디_무채색.png,하의_반바지,댄디,무채색
긴팔_미니멀_어두운색_01.png,상의_긴팔,미니멀,어두운색
반팔_미니멀_어두운색_01.png,상의_반팔,미니멀,어두운색
긴바지_캐주얼_어두운색_02.png,하의_긴바지,캐주얼,어두운색
반바지_댄디_어두운색.png,하의_반바지,댄디,어두운색
반바지_댄디_어두운색_02.png,하의_반바지,댄디,어두운색
반바지_미니멀_밝은색_03.png,하의_반바지,미니멀,밝은색
반바지_캐주얼_무채색_02.png,하의_반바지,캐주얼,무채색
반팔_스트릿_어두운색_02.png,상의_반팔,스트릿,어두운색
긴팔_캐주얼_어두운색_02.png,상의_긴팔,캐주얼,어두운색
반팔_댄디_어두운색_02.png,상의_반팔,댄디,어두운색
반팔_미니멀_어두운색_02.png,상의_반팔,미니멀,어두운색
반바지_미니멀_무채색_02.png,하의_반바지,미니멀,무채색
긴팔_댄디_어두운색_02.png,상의_긴팔,댄디,어두운색
반바지_스트릿_밝은색.png,하의_반바지,스트릿,밝은색
긴바지_댄디_밝은색_02.png,하의_긴바지,댄디,밝은색
반바지_댄디_무채색_02.png,하의_반바지,댄디,무채색
긴바지_미니멀_어두운색_01.png,하의_긴바지,미니멀,어두운색
긴바지_미니멀_밝은색_01.png,하의_긴바지,미니멀,밝은색
반팔_댄디_무채색_01.png,상의_반팔,댄디,무채색
긴팔_댄디_밝은색_02.png,상의_긴팔,댄디,밝은색
반팔_스트릿_밝은색_01.png,상의_반팔,스트릿,밝은색
긴팔_스트릿_어두운색_02.png,상의_긴팔,스트릿,어두운색
반바지_미니멀_밝은색_02.png,하의_반바지,미니멀,밝은색
반바지_스트릿_어두운색_02.png,하의_반바지,스트릿,어두운색
긴바지_캐주얼_밝은색_01.png,하의_긴바지,캐주얼,밝은색
반팔_스트릿_무채색_02.png,상의_반팔,스트릿,무채색
긴바지_미니멀_무채색_01.png,하의_긴바지,미니멀,무채색
반팔_미니멀_밝은색_01.png,상의_반팔,미니멀,밝은색
반바지_캐주얼_어두운색_02.png,하의_반바지,캐주얼,어두운색
반바지_미니멀_무채색.png,하의_반바지,미니멀,무채색
반팔_스트릿_무채색_01.png,상의_반팔,스트릿,무채색
긴바지_캐주얼_밝은색_02.png,하의_긴바지,캐주얼,밝은색
긴바지_스트릿_무채색_01.png,하의_긴바지,스트릿,무채색
반팔_캐주얼_밝은색_02.png,상의_반팔,캐주얼,밝은색
긴바지_스트릿_어두운색_02.png,하의_긴바지,스트릿,어두운색
반바지_댄디_밝은색_02.png,하의_반바지,댄디,밝은색
반바지_미니멀_어두운색_02.png,하의_반바지,미니멀,어두운색
반팔_스트릿_밝은색_02.png,상의_반팔,스트릿,밝은색
긴바지_댄디_무채색_01.png,하의_긴바지,댄디,무채색
긴팔_미니멀_밝은색_02.png,상의_긴팔,미니멀,밝은색
긴팔_캐주얼_밝은색_02.png,상의_긴팔,캐주얼,밝은색
반팔_미니멀_무채색_01.png,상의_반팔,미니멀,무채색
긴팔_스트릿_무채색_01.png,상의_긴팔,스트릿,무채색
반바지_스트릿_어두운색.png,하의_반바지,스트릿,어두운색
긴팔_미니멀_무채색_01.png,상의_긴팔,미니멀,무채색
긴팔_스트릿_어두운색_01.png,상의_긴팔,스트릿,어두운색
반바지_캐주얼_밝은색_02.png,하의_반바지,캐주얼,밝은색
긴팔_캐주얼_밝은색_01.png,상의_긴팔,캐주얼,밝은색
반바지_스트릿_무채색.png,하의_반바지,스트릿,무채색
긴바지_미니멀_무채색_02.png,하의_긴바지,미니멀,무채색
긴바지_댄디_무채색_02.png,하의_긴바지,댄디,무채색
긴바지_댄디_어두운색_02.png,하의_긴바지,댄디,어두운색
긴바지_댄디_어두운색_01.png,하의_긴바지,댄디,어두운색
반바지_캐주얼_어두운색.png,하의_반바지,캐주얼,어두운색
반팔_캐주얼_무채색_02.png,상의_반팔,캐주얼,무채색
긴팔_미니멀_어두운색_02.png,상의_긴팔,미니멀,어두운색
반팔_댄디_밝은색_02.png,상의_반팔,댄디,밝은색
긴바지_스트릿_어두운색_01.png,하의_긴바지,스트릿,어두운색
긴바지_캐주얼_무채색_01.png,하의_긴바지,캐주얼,무채색
긴팔_캐주얼_어두운색_01.png,상의_긴팔,캐주얼,어두운색
반바지_스트릿_무채색_02.png,하의_반바지,스트릿,무채색
반팔_댄디_밝은색_01.png,상의_반팔,댄디,밝은색
긴바지_스트릿_밝은색_01.png,하의_긴바지,스트릿,밝은색
긴팔_댄디_무채색_01.png,상의_긴팔,댄디,무채색
반팔_미니멀_밝은색_02.png,상의_반팔,미니멀,밝은색
반바지_댄디_밝은색.png,하의_반바지,댄디,밝은색
긴팔_캐주얼_무채색_01.png,상의_긴팔,캐주얼,무채색
긴바지_미니멀_밝은색_02.png,하의_긴바지,미니멀,밝은색
반바지_캐주얼_무채색.png,하의_반바지,캐주얼,무채색
긴바지_스트릿_무채색_02.png,하의_긴바지,스트릿,무채색
긴팔_미니멀_무채색_02.png,상의_긴팔,미니멀,무채색
반팔_스트릿_어두운색_01.png,상의_반팔,스트릿,어두운색
반바지_미니멀_어두운색.png,하의_반바지,미니멀,어두운색
긴팔_스트릿_무채색_02.png,상의_긴팔,스트릿,무채색
긴바지_미니멀_어두운색_02.png,하의_긴바지,미니멀,어두운색
긴팔_미니멀_밝은색_01.png,상의_긴팔,미니멀,밝은색
긴팔_댄디_밝은색_01.png,상의_긴팔,댄디,밝은색
긴팔_스트릿_밝은색_01.png,상의_긴팔,스트릿,밝은색
긴팔_캐주얼_무채색_02.png,상의_긴팔,캐주얼,무채색
반팔_댄디_어두운색_01.png,상의_반팔,댄디,어두운색
긴바지_댄디_밝은색_01.png,하의_긴바지,댄디,밝은색
긴팔_댄디_어두운색_01.png,상의_긴팔,댄디,어두운색
